1601565998,xxx,xxx,xxx,120,xxx,xxx,xxx,xxx,19,xxx,null
1595020840,xxx,xxx,xxx,79,xxx,xxx,xxx,xxx,254,xxx,null
1601477334,xxx,xxx,xxx,30,xxx,xxx,xxx,xxx,11,xxx,null
1616542378,xxx,xxx,xxx,102,xxx,xxx,xxx,xxx,64,xxx,null
1606153365,xxx,xxx,xxx,59,xxx,xxx,xxx,xxx,35,xxx,null
1615842588,xxx,xxx,xxx,24,xxx,xxx,xxx,xxx,4,xxx,null
1605542287,xxx,xxx,xxx,33,xxx,xxx,xxx,xxx,104,xxx,null
1596712322,xxx,xxx,xxx,xxx,xxx,xxx,xxx,xxx,xxx,xxx,null
1610593293,xxx,xxx,xxx,254,xxx,xxx,xxx,xxx,11,xxx,null
1606751785,xxx,xxx,xxx,xxx,xxx,xxx,xxx,xxx,xxx,xxx,null
1615990953,xxx,xxx,xxx,59,xxx,xxx,xxx,xxx,120,xxx,null
1616521552,xxx,xxx,xxx,254,xxx,xxx,xxx,xxx,517,xxx,null
1601823180,xxx,xxx,xxx,33,xxx,xxx,xxx,xxx,77,xxx,null
1599831637,xxx,xxx,xxx,xxx,xxx,xxx,xxx,xxx,xxx,xxx,null
1606117704,xxx,xxx,xxx,77,xxx,xxx,xxx,xxx,121,xxx,null
1599539692,xxx,xxx,xxx,20,xxx,xxx,xxx,xxx,106,xxx,null
1600250536,xxx,xxx,xxx,11,xxx,xxx,xxx,xxx,2,xxx,null
1596716771,xxx,xxx,xxx,79,xxx,xxx,xxx,xxx,59,xxx,null
1606086204,xxx,xxx,xxx,104,xxx,xxx,xxx,xxx,80,xxx,null
1610740021,xxx,xxx,xxx,11,xxx,xxx,xxx,xxx,141,xxx,null
1594959513,xxx,xxx,xxx,59,xxx,xxx,xxx,xxx,62,xxx,null
1605623139,xxx,xxx,xxx,11,xxx,xxx,xxx,xxx,120,xxx,null
1615612860,xxx,xxx,xxx,xxx,xxx,xxx,xxx,xxx,xxx,xxx,null
1602059535,xxx,xxx,xxx,56,xxx,xxx,xxx,xxx,35,xxx,null
1602025504,xxx,xxx,xxx,59,xxx,xxx,xxx,xxx,35,xxx,null
1606594002,xxx,xxx,xxx,xxx,xxx,xxx,xxx,xxx,5,xxx,null
1615896824,xxx,xxx,xxx,11,xxx,xxx,xxx,xxx,77,xxx,null
1601597607,xxx,xxx,xxx,64,xxx,xxx,xxx,xxx,254,xxx,null
1606564700,xxx,xxx,xxx,64,xxx,xxx,xxx,xxx,24,xxx,null
1601468481,xxx,xxx,xxx,xxx,xxx,xxx,xxx,xxx,xxx,xxx,null
1594986766,xxx,xxx,xxx,59,xxx,xxx,xxx,xxx,77,xxx,null
1606019417,xxx,xxx,xxx,30,xxx,xxx,xxx,xxx,11,xxx,null
1616558613,xxx,xxx,xxx,141,xxx,xxx,xxx,xxx,59,xxx,null
1600338800,xxx,xxx,xxx,64,xxx,xxx,xxx,xxx,141,xxx,null
1606656001,xxx,xxx,xxx,163,xxx,xxx,xxx,xxx,79,xxx,null
1610640748,xxx,xxx,xxx,11,xxx,xxx,xxx,xxx,102,xxx,null
1601963539,xxx,xxx,xxx,11,xxx,xxx,xxx,xxx,32,xxx,null
1597481262,xxx,xxx,xxx,62,xxx,xxx,xxx,xxx,11,xxx,null
1599013812,xxx,xxx,xxx,154,xxx,xxx,xxx,xxx,141,xxx,null
1615936439,xxx,xxx,xxx,77,xxx,xxx,xxx,xxx,154,xxx,null
1605785791,xxx,xxx,xxx,19,xxx,xxx,xxx,xxx,113,xxx,null
1615454732,xxx,xxx,xxx,35,xxx,xxx,xxx,xxx,141,xxx,null
1606320106,xxx,xxx,xxx,35,xxx,xxx,xxx,xxx,24,xxx,null
1599118535,xxx,xxx,xxx,517,xxx,xxx,xxx,xxx,33,xxx,null
1600268957,xxx,xxx,xxx,5,xxx,xxx,xxx,xxx,203,xxx,null
1596754830,xxx,xxx,xxx,xxx,xxx,xxx,xxx,xxx,xxx,xxx,null
1599684083,xxx,xxx,xxx,254,xxx,xxx,xxx,xxx,164,xxx,null
1601930361,xxx,xxx,xxx,2,xxx,xxx,xxx,xxx,35,xxx,null
1601894297,xxx,xxx,xxx,114,xxx,xxx,xxx,xxx,33,xxx,null
1600069626,xxx,xxx,xxx,19,xxx,xxx,xxx,xxx,56,xxx,null
1615859932,xxx,xxx,xxx,xxx,xxx,xxx,xxx,xxx,xxx,xxx,null
1599585316,xxx,xxx,xxx,48,xxx,xxx,xxx,xxx,64,xxx,null
1610669665,xxx,xxx,xxx,56,xxx,xxx,xxx,xxx,19,xxx,null
1601986558,xxx,xxx,xxx,29,xxx,xxx,xxx,xxx,56,xxx,null
1598250508,xxx,xxx,xxx,xxx,xxx,xxx,xxx,xxx,xxx,xxx,null
1606679877,xxx,xxx,xxx,xxx,xxx,xxx,xxx,xxx,xxx,xxx,null
1605821690,xxx,xxx,xxx,64,xxx,xxx,xxx,xxx,254,xxx,null
1602417034,xxx,xxx,xxx,104,xxx,xxx,xxx,xxx,xxx,xxx,null
1606711790,xxx,xxx,xxx,xxx,xxx,xxx,xxx,xxx,xxx,xxx,null
1606331818,xxx,xxx,xxx,29,xxx,xxx,xxx,xxx,24,xxx,null
1600062606,xxx,xxx,xxx,203,xxx,xxx,xxx,xxx,64,xxx,null
1599543934,xxx,xxx,xxx,xxx,xxx,xxx,xxx,xxx,xxx,xxx,null
1615617710,xxx,xxx,xxx,59,xxx,xxx,xxx,xxx,421,xxx,null
1599712092,xxx,xxx,xxx,80,xxx,xxx,xxx,xxx,30,xxx,null
1611610058,xxx,xxx,xxx,64,xxx,xxx,xxx,xxx,11,xxx,null
1599509222,xxx,xxx,xxx,11,xxx,xxx,xxx,xxx,163,xxx,null
1610794087,xxx,xxx,xxx,107,xxx,xxx,xxx,xxx,141,xxx,null
1601540649,xxx,xxx,xxx,32,xxx,xxx,xxx,xxx,254,xxx,null
1605516079,xxx,xxx,xxx,23,xxx,xxx,xxx,xxx,5,xxx,null
1598264593,xxx,xxx,xxx,19,xxx,xxx,xxx,xxx,92,xxx,null
1610706763,xxx,xxx,xxx,80,xxx,xxx,xxx,xxx,141,xxx,null
1601864507,xxx,xxx,xxx,254,xxx,xxx,xxx,xxx,64,xxx,null
1605904535,xxx,xxx,xxx,28,xxx,xxx,xxx,xxx,11,xxx,null
1600302056,xxx,xxx,xxx,xxx,xxx,xxx,xxx,xxx,xxx,xxx,null
1599740920,xxx,xxx,xxx,203,xxx,xxx,xxx,xxx,121,xxx,null
1602181520,xxx,xxx,xxx,11,xxx,xxx,xxx,xxx,23,xxx,null
1599801689,xxx,xxx,xxx,11,xxx,xxx,xxx,xxx,64,xxx,null
1606853869,xxx,xxx,xxx,xxx,xxx,xxx,xxx,xxx,xxx,xxx,null
1597498149,xxx,xxx,xxx,xxx,xxx,xxx,xxx,xxx,xxx,xxx,null
1615470048,xxx,xxx,xxx,121,xxx,xxx,xxx,xxx,59,xxx,null
1601842557,xxx,xxx,xxx,203,xxx,xxx,xxx,xxx,64,xxx,null
1598207934,xxx,xxx,xxx,141,xxx,xxx,xxx,xxx,64,xxx,null
1605696896,xxx,xxx,xxx,11,xxx,xxx,xxx,xxx,104,xxx,null
1596759705,xxx,xxx,xxx,421,xxx,xxx,xxx,xxx,19,xxx,null
1606721741,xxx,xxx,xxx,11,xxx,xxx,xxx,xxx,80,xxx,null
1599045722,xxx,xxx,xxx,11,xxx,xxx,xxx,xxx,64,xxx,null
1599469173,xxx,xxx,xxx,64,xxx,xxx,xxx,xxx,2,xxx,null
1605967507,xxx,xxx,xxx,xxx,xxx,xxx,xxx,xxx,xxx,xxx,null
1599852319,xxx,xxx,xxx,141,xxx,xxx,xxx,xxx,254,xxx,null
1600306142,xxx,xxx,xxx,113,xxx,xxx,xxx,xxx,11,xxx,null
1601811685,xxx,xxx,xxx,11,xxx,xxx,xxx,xxx,56,xxx,null
1602471311,xxx,xxx,xxx,19,xxx,xxx,xxx,xxx,104,xxx,null
1598987724,xxx,xxx,xxx,64,xxx,xxx,xxx,xxx,5,xxx,null
1600419375,xxx,xxx,xxx,35,xxx,xxx,xxx,xxx,517,xxx,null
1611681731,xxx,xxx,xxx,59,xxx,xxx,xxx,xxx,104,xxx,null
1605489280,xxx,xxx,xxx,59,xxx,xxx,xxx,xxx,5,xxx,null
1615883179,xxx,xxx,xxx,48,xxx,xxx,xxx,xxx,141,xxx,null
1597522546,xxx,xxx,xxx,48,xxx,xxx,xxx,xxx,11,xxx,null
1606614716,xxx,xxx,xxx,29,xxx,xxx,xxx,xxx,28,xxx,null
1605941761,xxx,xxx,xxx,11,xxx,xxx,xxx,xxx,20,xxx,null
